scenario,model,interval,prize_SOST,draws/yr,gini,hhi,small_uplift,dominant_total%,dominant_vs_hash,small_cov,small_pNoJack_1y
S1 high-concentration,CURRENT 50/50/0,1000,0.0,52.6,0.26,0.2176,2.583,36.33,0.649,0.0,0.0001
S1 high-concentration,CURRENT 50/50/0,2500,0.0,21.0,0.26,0.2176,2.583,36.33,0.649,0.0,0.0216
S1 high-concentration,CURRENT 50/50/0,4320,0.0,12.2,0.26,0.2176,2.583,36.33,0.649,0.0,0.1088
S1 high-concentration,CURRENT 50/50/0,5000,0.0,10.5,0.26,0.2176,2.583,36.33,0.649,0.0,0.1471
S1 high-concentration,CURRENT 50/50/0,10000,0.0,5.3,0.26,0.2176,2.583,36.33,0.649,0.0,0.3836
S1 high-concentration,75/20/5,1000,392.6,52.6,0.39,0.2813,1.792,46.17,0.824,0.036,0.0001
S1 high-concentration,75/20/5,2500,981.4,21.0,0.39,0.2813,1.792,46.17,0.824,0.057,0.0216
S1 high-concentration,75/20/5,4320,1695.8,12.2,0.39,0.2813,1.792,46.17,0.824,0.075,0.1088
S1 high-concentration,75/20/5,5000,1962.8,10.5,0.39,0.2813,1.792,46.17,0.824,0.08,0.1471
S1 high-concentration,75/20/5,10000,3925.5,5.3,0.39,0.2813,1.792,46.17,0.824,0.113,0.3836
S1 high-concentration,80/15/5,1000,392.6,52.6,0.416,0.2971,1.633,48.13,0.86,0.039,0.0001
S1 high-concentration,80/15/5,2500,981.4,21.0,0.416,0.2971,1.633,48.13,0.86,0.062,0.0216
S1 high-concentration,80/15/5,4320,1695.8,12.2,0.416,0.2971,1.633,48.13,0.86,0.082,0.1088
S1 high-concentration,80/15/5,5000,1962.8,10.5,0.416,0.2971,1.633,48.13,0.86,0.088,0.1471
S1 high-concentration,80/15/5,10000,3925.5,5.3,0.416,0.2971,1.633,48.13,0.86,0.124,0.3836
S1 high-concentration,80/10/10,1000,785.1,52.6,0.416,0.2971,1.633,48.13,0.86,0.079,0.0001
S1 high-concentration,80/10/10,2500,1962.8,21.0,0.416,0.2971,1.633,48.13,0.86,0.124,0.0216
S1 high-concentration,80/10/10,4320,3391.6,12.2,0.416,0.2971,1.633,48.13,0.86,0.164,0.1088
S1 high-concentration,80/10/10,5000,3925.5,10.5,0.416,0.2971,1.633,48.13,0.86,0.176,0.1471
S1 high-concentration,80/10/10,10000,7851.0,5.3,0.416,0.2971,1.633,48.13,0.86,0.249,0.3836
S1 high-concentration,70/25/5,1000,392.6,52.6,0.364,0.2665,1.95,44.2,0.789,0.033,0.0001
S1 high-concentration,70/25/5,2500,981.4,21.0,0.364,0.2665,1.95,44.2,0.789,0.052,0.0216
S1 high-concentration,70/25/5,4320,1695.8,12.2,0.364,0.2665,1.95,44.2,0.789,0.068,0.1088
S1 high-concentration,70/25/5,5000,1962.8,10.5,0.364,0.2665,1.95,44.2,0.789,0.074,0.1471
S1 high-concentration,70/25/5,10000,3925.5,5.3,0.364,0.2665,1.95,44.2,0.789,0.104,0.3836
S2 moderate,CURRENT 50/50/0,1000,0.0,52.6,0.1622,0.1234,1.889,20.56,0.685,0.0,0.002
S2 moderate,CURRENT 50/50/0,2500,0.0,21.0,0.1622,0.1234,1.889,20.56,0.685,0.0,0.0841
S2 moderate,CURRENT 50/50/0,4320,0.0,12.2,0.1622,0.1234,1.889,20.56,0.685,0.0,0.2386
S2 moderate,CURRENT 50/50/0,5000,0.0,10.5,0.1622,0.1234,1.889,20.56,0.685,0.0,0.2899
S2 moderate,CURRENT 50/50/0,10000,0.0,5.3,0.1622,0.1234,1.889,20.56,0.685,0.0,0.5384
S2 moderate,75/20/5,1000,392.6,52.6,0.2433,0.1387,1.444,25.28,0.843,0.038,0.002
S2 moderate,75/20/5,2500,981.4,21.0,0.2433,0.1387,1.444,25.28,0.843,0.059,0.0841
S2 moderate,75/20/5,4320,1695.8,12.2,0.2433,0.1387,1.444,25.28,0.843,0.078,0.2386
S2 moderate,75/20/5,5000,1962.8,10.5,0.2433,0.1387,1.444,25.28,0.843,0.084,0.2899
S2 moderate,75/20/5,10000,3925.5,5.3,0.2433,0.1387,1.444,25.28,0.843,0.119,0.5384
S2 moderate,80/15/5,1000,392.6,52.6,0.2596,0.1425,1.356,26.22,0.874,0.04,0.002
S2 moderate,80/15/5,2500,981.4,21.0,0.2596,0.1425,1.356,26.22,0.874,0.063,0.0841
S2 moderate,80/15/5,4320,1695.8,12.2,0.2596,0.1425,1.356,26.22,0.874,0.083,0.2386
S2 moderate,80/15/5,5000,1962.8,10.5,0.2596,0.1425,1.356,26.22,0.874,0.089,0.2899
S2 moderate,80/15/5,10000,3925.5,5.3,0.2596,0.1425,1.356,26.22,0.874,0.126,0.5384
S2 moderate,80/10/10,1000,785.1,52.6,0.2596,0.1425,1.356,26.22,0.874,0.08,0.002
S2 moderate,80/10/10,2500,1962.8,21.0,0.2596,0.1425,1.356,26.22,0.874,0.126,0.0841
S2 moderate,80/10/10,4320,3391.6,12.2,0.2596,0.1425,1.356,26.22,0.874,0.166,0.2386
S2 moderate,80/10/10,5000,3925.5,10.5,0.2596,0.1425,1.356,26.22,0.874,0.179,0.2899
S2 moderate,80/10/10,10000,7851.0,5.3,0.2596,0.1425,1.356,26.22,0.874,0.253,0.5384
S2 moderate,70/25/5,1000,392.6,52.6,0.2271,0.1352,1.533,24.33,0.811,0.035,0.002
S2 moderate,70/25/5,2500,981.4,21.0,0.2271,0.1352,1.533,24.33,0.811,0.056,0.0841
S2 moderate,70/25/5,4320,1695.8,12.2,0.2271,0.1352,1.533,24.33,0.811,0.073,0.2386
S2 moderate,70/25/5,5000,1962.8,10.5,0.2271,0.1352,1.533,24.33,0.811,0.079,0.2899
S2 moderate,70/25/5,10000,3925.5,5.3,0.2271,0.1352,1.533,24.33,0.811,0.112,0.5384
S3 healthy-decentralized,CURRENT 50/50/0,1000,0.0,52.6,0.1076,0.0797,3.278,7.0,0.5,0.0,0.002
S3 healthy-decentralized,CURRENT 50/50/0,2500,0.0,21.0,0.1076,0.0797,3.278,7.0,0.5,0.0,0.0841
S3 healthy-decentralized,CURRENT 50/50/0,4320,0.0,12.2,0.1076,0.0797,3.278,7.0,0.5,0.0,0.2386
S3 healthy-decentralized,CURRENT 50/50/0,5000,0.0,10.5,0.1076,0.0797,3.278,7.0,0.5,0.0,0.2899
S3 healthy-decentralized,CURRENT 50/50/0,10000,0.0,5.3,0.1076,0.0797,3.278,7.0,0.5,0.0,0.5384
S3 healthy-decentralized,75/20/5,1000,392.6,52.6,0.1337,0.0812,2.139,10.5,0.75,0.051,0.002
S3 healthy-decentralized,75/20/5,2500,981.4,21.0,0.1337,0.0812,2.139,10.5,0.75,0.08,0.0841
S3 healthy-decentralized,75/20/5,4320,1695.8,12.2,0.1337,0.0812,2.139,10.5,0.75,0.105,0.2386
S3 healthy-decentralized,75/20/5,5000,1962.8,10.5,0.1337,0.0812,2.139,10.5,0.75,0.113,0.2899
S3 healthy-decentralized,75/20/5,10000,3925.5,5.3,0.1337,0.0812,2.139,10.5,0.75,0.16,0.5384
S3 healthy-decentralized,80/15/5,1000,392.6,52.6,0.1582,0.0829,1.911,11.2,0.8,0.057,0.002
S3 healthy-decentralized,80/15/5,2500,981.4,21.0,0.1582,0.0829,1.911,11.2,0.8,0.09,0.0841
S3 healthy-decentralized,80/15/5,4320,1695.8,12.2,0.1582,0.0829,1.911,11.2,0.8,0.118,0.2386
S3 healthy-decentralized,80/15/5,5000,1962.8,10.5,0.1582,0.0829,1.911,11.2,0.8,0.127,0.2899
S3 healthy-decentralized,80/15/5,10000,3925.5,5.3,0.1582,0.0829,1.911,11.2,0.8,0.179,0.5384
S3 healthy-decentralized,80/10/10,1000,785.1,52.6,0.1582,0.0829,1.911,11.2,0.8,0.113,0.002
S3 healthy-decentralized,80/10/10,2500,1962.8,21.0,0.1582,0.0829,1.911,11.2,0.8,0.179,0.0841
S3 healthy-decentralized,80/10/10,4320,3391.6,12.2,0.1582,0.0829,1.911,11.2,0.8,0.236,0.2386
S3 healthy-decentralized,80/10/10,5000,3925.5,10.5,0.1582,0.0829,1.911,11.2,0.8,0.254,0.2899
S3 healthy-decentralized,80/10/10,10000,7851.0,5.3,0.1582,0.0829,1.911,11.2,0.8,0.359,0.5384
S3 healthy-decentralized,70/25/5,1000,392.6,52.6,0.1124,0.08,2.367,9.8,0.7,0.046,0.002
S3 healthy-decentralized,70/25/5,2500,981.4,21.0,0.1124,0.08,2.367,9.8,0.7,0.072,0.0841
S3 healthy-decentralized,70/25/5,4320,1695.8,12.2,0.1124,0.08,2.367,9.8,0.7,0.095,0.2386
S3 healthy-decentralized,70/25/5,5000,1962.8,10.5,0.1124,0.08,2.367,9.8,0.7,0.102,0.2899
S3 healthy-decentralized,70/25/5,10000,3925.5,5.3,0.1124,0.08,2.367,9.8,0.7,0.145,0.5384
S4 many-small,CURRENT 50/50/0,1000,0.0,52.6,0.046,0.0403,1.167,4.79,0.9,0.0,0.117
S4 many-small,CURRENT 50/50/0,2500,0.0,21.0,0.046,0.0403,1.167,4.79,0.9,0.0,0.4239
S4 many-small,CURRENT 50/50/0,4320,0.0,12.2,0.046,0.0403,1.167,4.79,0.9,0.0,0.6086
S4 many-small,CURRENT 50/50/0,5000,0.0,10.5,0.046,0.0403,1.167,4.79,0.9,0.0,0.6511
S4 many-small,CURRENT 50/50/0,10000,0.0,5.3,0.046,0.0403,1.167,4.79,0.9,0.0,0.8069
S4 many-small,75/20/5,1000,392.6,52.6,0.0712,0.0408,1.083,5.22,0.95,0.042,0.117
S4 many-small,75/20/5,2500,981.4,21.0,0.0712,0.0408,1.083,5.22,0.95,0.066,0.4239
S4 many-small,75/20/5,4320,1695.8,12.2,0.0712,0.0408,1.083,5.22,0.95,0.086,0.6086
S4 many-small,75/20/5,5000,1962.8,10.5,0.0712,0.0408,1.083,5.22,0.95,0.093,0.6511
S4 many-small,75/20/5,10000,3925.5,5.3,0.0712,0.0408,1.083,5.22,0.95,0.131,0.8069
S4 many-small,80/15/5,1000,392.6,52.6,0.0765,0.041,1.067,5.31,0.96,0.042,0.117
S4 many-small,80/15/5,2500,981.4,21.0,0.0765,0.041,1.067,5.31,0.96,0.067,0.4239
S4 many-small,80/15/5,4320,1695.8,12.2,0.0765,0.041,1.067,5.31,0.96,0.088,0.6086
S4 many-small,80/15/5,5000,1962.8,10.5,0.0765,0.041,1.067,5.31,0.96,0.094,0.6511
S4 many-small,80/15/5,10000,3925.5,5.3,0.0765,0.041,1.067,5.31,0.96,0.134,0.8069
S4 many-small,80/10/10,1000,785.1,52.6,0.0765,0.041,1.067,5.31,0.96,0.084,0.117
S4 many-small,80/10/10,2500,1962.8,21.0,0.0765,0.041,1.067,5.31,0.96,0.134,0.4239
S4 many-small,80/10/10,4320,3391.6,12.2,0.0765,0.041,1.067,5.31,0.96,0.176,0.6086
S4 many-small,80/10/10,5000,3925.5,10.5,0.0765,0.041,1.067,5.31,0.96,0.189,0.6511
S4 many-small,80/10/10,10000,7851.0,5.3,0.0765,0.041,1.067,5.31,0.96,0.267,0.8069
S4 many-small,70/25/5,1000,392.6,52.6,0.066,0.0407,1.1,5.13,0.94,0.041,0.117
S4 many-small,70/25/5,2500,981.4,21.0,0.066,0.0407,1.1,5.13,0.94,0.065,0.4239
S4 many-small,70/25/5,4320,1695.8,12.2,0.066,0.0407,1.1,5.13,0.94,0.085,0.6086
S4 many-small,70/25/5,5000,1962.8,10.5,0.066,0.0407,1.1,5.13,0.94,0.092,0.6511
S4 many-small,70/25/5,10000,3925.5,5.3,0.066,0.0407,1.1,5.13,0.94,0.13,0.8069
